<?xml version="1.0" encoding="UTF-8" standalone="yes"?>
<services>
    <cloudstreamsCollectionKeys serviceName="WmCloudStreams.RestVS">
        <servicesKeys>
            <keyDetails collectionKey="RecruiteeTest.services:attachFile" connectorServiceName="RecruiteeTest.services:attachFile"/>
            <keyDetails collectionKey="RecruiteeTest.services:createCandidate" connectorServiceName="RecruiteeTest.services:createCandidate"/>
            <keyDetails collectionKey="RecruiteeTest.services:createOffer" connectorServiceName="RecruiteeTest.services:createOffer"/>
            <keyDetails collectionKey="RecruiteeTest.services:deleteCandidate" connectorServiceName="RecruiteeTest.services:deleteCandidate"/>
            <keyDetails collectionKey="RecruiteeTest.services:deleteOffer" connectorServiceName="RecruiteeTest.services:deleteOffer"/>
            <keyDetails collectionKey="RecruiteeTest.services:getCandidates" connectorServiceName="RecruiteeTest.services:getCandidates"/>
            <keyDetails collectionKey="RecruiteeTest.services:getDepartments" connectorServiceName="RecruiteeTest.services:getDepartments"/>
            <keyDetails collectionKey="RecruiteeTest.services:getOffers" connectorServiceName="RecruiteeTest.services:getOffers"/>
            <keyDetails collectionKey="RecruiteeTest.services:updateCandidate" connectorServiceName="RecruiteeTest.services:updateCandidate"/>
            <keyDetails collectionKey="RecruiteeTest.services:updateOffer" connectorServiceName="RecruiteeTest.services:updateOffer"/>
        </servicesKeys>
    </cloudstreamsCollectionKeys>
</services>
